Segment,HR MAE in Segment,NHR MAE in Segment,MAE in Segment,HR MAE till Segment,NHR MAE till Segment,Total MAE
5,5.48791666667,2.87244766241,5.99303406636,41.2879166667,41.4535723111,8.82742036594
6,2.43319444444,1.32955309964,2.50960260392,41.0391666667,40.4892417648,12.8296193067
7,2.22951388889,1.06249532641,2.37457383999,41.8102083333,40.0435989913,21.3445799669
8,4.44541666667,0.595231941488,4.86837812613,41.9843055556,40.025092693,28.5731721588
9,4.46652777778,2.77580318636,6.40796552294,42.3189583333,39.4346179422,50.6940869663
10,7.66798611111,3.14905269369,10.6632849814,45.4265972222,40.2774317538,81.6442510857
