Segment,Mean Absolute Error(MAE)
1,20.9492289852
2,21.2731522221
3,21.1639441001
4,28.6181816226
5,31.2160481667
6,33.3276061246
7,39.690576929
8,48.7225012039
9,66.8734342216
10,97.0795748585
