Segment,Mean Absolute Error(MAE)
1,24.7829258219
2,28.1863883873
3,27.5042095079
4,33.1000451002
5,36.8356648026
6,38.3814886879
7,41.3218781269
8,49.8680185711
9,50.7958840498
10,56.6029891794
