Segment,HR MAE in Segment,NHR MAE in Segment,MAE in Segment,HR MAE till Segment,NHR MAE till Segment,Total MAE
5,5.51452991453,3.599379698,6.20905921215,40.1418803419,40.3597041728,25.9133950502
6,3.60170940171,0.623823823775,3.72480570401,40.9435897436,40.5360661554,29.7707333434
7,3.8,0.636370348819,4.01835521183,41.8205128205,42.1982550917,34.2499136579
8,4.59145299145,0.892874536272,4.74180977561,39.4752136752,42.8015596173,38.4553994207
9,4.51965811966,1.17486375507,4.85431439299,36.3829059829,44.8885298931,42.0842819089
10,4.96239316239,1.76518809912,5.93972225581,42.9384615385,53.8288508932,43.7059127089
