Segment,HR MAE in Segment,NHR MAE in Segment,MAE in Segment,HR MAE till Segment,NHR MAE till Segment,Total MAE
8,7.78844444444,3.77377826774,8.78266710824,71.3173333333,84.0061699858,13.2300120888
9,4.64820512821,1.32929319878,5.10653081614,67.4687179487,82.217007601,17.5289914423
10,4.67301587302,1.74190840048,5.37953494472,70.3396825397,82.0102358764,18.189520752
