Segment,HR MAE in Segment,NHR MAE in Segment,MAE in Segment,HR MAE till Segment,NHR MAE till Segment,Total MAE
2,7.46206896552,3.17094911942,7.9069046888,14.5823754789,8.59302302989,13.0404923957
3,5.90733590734,1.90439487973,4.83638614997,17.1752895753,9.08851676834,14.2181227448
4,3.7593625498,1.20748462311,3.33079425598,18.9721115538,10.4444511058,16.6947866948
5,4.19271255061,1.46312026572,4.14705144017,22.0340080972,11.2312178425,20.6747788155
6,4.18075313808,1.13563368849,4.61043429998,24.3782426778,12.058857913,23.115219377
7,3.18237885463,0.877383315698,3.35050956087,27.0149779736,12.8068290307,24.807870649
8,4.51962616822,1.05519312814,4.97594896652,27.2747663551,12.5284416094,27.2174168394
9,4.44175824176,1.42324997108,4.74681861558,27.7978021978,16.5063620309,33.0054585462
10,4.77857142857,1.34528370424,5.50361576631,27.45,18.6844246972,27.9168366422
