Segment,HR MAE in Segment,NHR MAE in Segment,MAE in Segment,HR MAE till Segment,NHR MAE till Segment,Total MAE
7,6.8746184739,3.35697335013,7.67072932809,63.1735742972,70.4864769051,9.7065066192
8,3.8552742616,0.805216166618,4.05379747085,62.5394936709,69.6116073085,13.0581719091
9,3.53273631841,0.969742801529,3.87698731038,58.8334328358,67.8624400819,18.8184062597
10,3.43181818182,1.59809737765,4.50573606364,61.4886363636,68.4171495007,18.9497982181
