Segment,HR MAE in Segment,NHR MAE in Segment,MAE in Segment,HR MAE till Segment,NHR MAE till Segment,Total MAE
6,5.8996969697,3.54340418583,6.39017464519,54.5624242424,55.9827197908,8.24230359137
7,2.99840909091,0.602532693424,3.27396035108,52.7961363636,54.5150968104,19.5783588265
8,3.14431818182,0.862245070405,3.40178893482,52.3597727273,52.9479427366,32.6708487022
9,3.26257575758,1.07223498829,3.54775422904,49.0753787879,52.5987622923,66.2273151798
10,3.75712121212,1.65475110826,4.68304133219,51.1609848485,59.0073433562,123.640475888
