Segment,HR MAE in Segment,NHR MAE in Segment,MAE in Segment,HR MAE till Segment,NHR MAE till Segment,Total MAE
6,5.8996969697,3.54340418583,6.39017464519,54.5624242424,55.9827197908,8.24230359137
7,2.98626506024,0.563538263477,3.23242561021,54.9934939759,56.4005404782,11.5533050302
8,2.9864978903,0.847693739876,3.28862049797,54.9632067511,55.054768578,15.3785752345
9,3.08358208955,1.00835392504,3.41217789074,51.9368159204,53.0139046592,20.2315047212
10,3.45378787879,1.5344910512,4.19632525371,54.3893939394,52.9529712943,21.3340366639
