Segment,HR MAE in Segment,NHR MAE in Segment,MAE in Segment,HR MAE till Segment,NHR MAE till Segment,Total MAE
5,5.503003663,3.47972034811,6.01200697975,45.884981685,41.8166836179,8.53990917462
6,2.8808008658,0.527263330477,2.93221292309,46.2418614719,42.273151147,12.6293743192
7,3.04787148594,0.651629166745,3.16019669587,46.8481927711,42.353034395,15.3634304131
8,3.69721518987,0.854629129147,3.89870151531,46.9183966245,40.5971594401,18.1556804294
9,3.51820895522,0.991159884767,3.76066505755,44.580199005,37.9626191111,23.4899646661
10,3.01772727273,1.52507874948,4.04527019717,47.0042424242,37.8203523784,21.6940605725
