Segment,HR MAE in Segment,NHR MAE in Segment,MAE in Segment,HR MAE till Segment,NHR MAE till Segment,Total MAE
9,7.8170212766,4.87882580497,8.99434056244,78.0085106383,97.5124784625,12.1464263274
10,4.51555555556,1.8907441113,5.55745586255,80.5362962963,98.8205135541,14.3563069198
