Segment,HR MAE in Segment,NHR MAE in Segment,MAE in Segment,HR MAE till Segment,NHR MAE till Segment,Total MAE
5,5.51452991453,3.599379698,6.19538399848,45.6205128205,42.0092768224,9.49509543564
6,3.64052863436,0.631681053782,3.76334544269,46.5444933921,42.2520626651,13.2668387482
7,3.66666666667,0.645253350849,3.88024835787,48.1714285714,41.4827283504,16.2023385641
8,4.52323232323,0.910278616566,4.67383787379,47.8525252525,39.4777989313,19.1558480238
9,4.45476190476,1.07515515613,4.78145197177,46.8714285714,36.1042239263,23.5882272244
10,4.16296296296,1.60507163852,5.05397946931,51.4148148148,36.4282369389,22.2608588343
