Segment,HR MAE in Segment,NHR MAE in Segment,MAE in Segment,HR MAE till Segment,NHR MAE till Segment,Total MAE
7,6.74046511628,3.29622424047,7.53832218117,61.888372093,70.9008570731,10.1115083585
8,4.25314009662,0.8508510636,4.46562975323,61.5207729469,69.2870197104,14.3302459239
9,4.36531791908,1.17210626706,4.76612689423,57.6184971098,66.7954293528,20.4414252092
10,4.61481481481,1.73662051534,5.54246977332,60.9888888889,67.5358654517,19.6637029551
