Segment,HR MAE in Segment,NHR MAE in Segment,MAE in Segment,HR MAE till Segment,NHR MAE till Segment,Total MAE
5,5.50593406593,3.47972034811,6.0266589944,45.8703296703,41.8166836179,8.53404836876
6,2.86714809001,0.522851731144,2.92100166048,45.2705180534,41.5520099399,16.2407532248
7,3.06234432234,0.640075227843,3.19379028761,44.9046049189,41.7144994535,26.9710809004
8,3.70726321298,0.845528405531,3.91078376456,45.6486760858,41.518372153,39.3158690428
9,3.55929879644,1.06408304449,3.87087660301,45.7483202512,44.9954135321,72.8774382511
10,3.49444270016,1.70730951782,4.61137973062,52.1022605965,59.3592078287,128.020585426
