Segment,HR MAE in Segment,NHR MAE in Segment,MAE in Segment,HR MAE till Segment,NHR MAE till Segment,Total MAE
6,6.12914798206,3.48173312863,6.64447971383,54.3121076233,56.2103355808,9.56739903419
7,3.86103286385,0.634236916661,4.13495051035,54.4563380282,56.4601124058,12.4731906778
8,4.096,0.907939904697,4.31412082118,53.732,55.0600759221,17.2390632246
9,4.14698795181,1.10842851227,4.47911521403,50.5807228916,52.9461991454,21.7739653889
10,4.68301886792,1.58090071555,5.22573115067,53.0037735849,53.4285828891,21.6253834496
