Segment,HR MAE in Segment,NHR MAE in Segment,MAE in Segment,HR MAE till Segment,NHR MAE till Segment,Total MAE
2,7.06652777778,3.22265657764,7.58845208265,14.8518055556,8.54961276067,12.8257443033
3,5.58435087719,1.86956125058,4.4753473272,17.2847017544,9.26693625301,13.7735637516
4,3.01512544803,1.1616800482,2.59375230889,18.3977777778,10.4320888205,16.009338696
5,3.41926739927,1.45816589118,3.40440237063,21.0589010989,11.2451503457,18.8490145589
6,3.06484848485,1.10921688852,3.5298011999,23.1032575758,12.0212861127,21.4008257795
7,2.68979919679,0.852214621421,2.82953494169,25.6315662651,12.6505489133,23.5044503456
8,3.75696202532,1.05133518297,4.24246816819,26.870464135,12.6998005005,25.9837908955
9,3.76497512438,1.39159561136,4.23095097464,27.1031840796,16.7169513686,30.970860111
10,3.7946969697,1.36828971377,4.5506696243,29.0090909091,19.0856729884,27.8256334338
