Segment,HR MAE in Segment,NHR MAE in Segment,MAE in Segment,HR MAE till Segment,NHR MAE till Segment,Total MAE
3,6.5104,3.46172579161,6.80677747533,28.2416,17.7178017134,10.2611166643
4,3.99020408163,1.16512890779,3.79989741283,27.1183673469,17.7913155666,13.8008108151
5,4.0593220339,1.28652014463,3.8556140324,29.6796610169,17.9526635963,15.7080252196
6,3.61572052402,0.972438341332,3.93420804305,31.5475982533,17.8515280628,18.8570394482
7,3.39259259259,0.860255861382,3.74609306654,33.7222222222,17.6807309954,22.3641911693
8,4.5572815534,0.943705746067,4.89653575947,35.4077669903,16.2679632076,24.5294385516
9,4.72542372881,1.23062347897,5.12878548713,34.6621468927,16.8958016746,28.4389779078
10,4.84482758621,1.35959351231,5.46014409673,33.724137931,18.8816803827,28.7856368807
