Segment,HR MAE in Segment,NHR MAE in Segment,MAE in Segment,HR MAE till Segment,NHR MAE till Segment,Total MAE
4,5.62489626556,3.71130598058,6.27642298313,32.6838174274,26.8648327453,22.7730503762
5,4.30041493776,1.06185448225,4.32989492118,33.0273858921,27.9392287314,24.336263487
6,3.7377593361,0.716367796707,3.92983768939,33.732780083,29.0396783527,30.1338196696
7,3.72780082988,0.701252412608,3.95341224938,33.6580912863,29.7512977489,33.2329984512
8,4.15933609959,0.946810239728,4.47172768371,33.2763485477,31.5100805777,36.7851808203
9,4.88298755187,1.23062608132,5.26757352358,32.2771784232,32.6035909523,40.6291272281
10,4.66721991701,1.64454807592,5.61350160088,36.8663900415,40.2614583556,43.9816619536
