Segment,HR MAE in Segment,NHR MAE in Segment,MAE in Segment,HR MAE till Segment,NHR MAE till Segment,Total MAE
3,6.5104,3.46172579161,6.80677747533,26.7376,16.8529532786,18.6651273852
4,3.9312,1.14843780767,3.74262075664,24.064,17.2719852448,21.7475724439
5,4.1904,1.26141704067,4.03618458838,25.1568,18.8410066934,22.4270860253
6,3.64,0.938046306286,3.90807973314,27.2752,21.4510289642,27.2685522713
7,3.4608,0.824445485748,3.80722531555,29.1392,21.9888380768,32.3069099394
8,4.2208,0.951369622452,4.52635910702,28.3936,23.7818032422,33.5412393241
9,4.5536,1.25698148281,4.93407463561,28.8672,25.4426072717,37.1353717489
10,4.6016,1.62035734713,5.57652731842,32.5776,29.2777472344,40.3886904474
