Segment,HR MAE in Segment,NHR MAE in Segment,MAE in Segment,HR MAE till Segment,NHR MAE till Segment,Total MAE
8,7.31569620253,3.91443669533,8.45609801777,71.52092827,83.8099541367,12.5827927558
9,3.4423880597,1.1042932877,3.98241012477,67.2051741294,82.5654150873,16.041251312
10,3.50303030303,1.67035292065,4.05370801341,70.2143939394,83.4381942796,17.5005260304
