Segment,HR MAE in Segment,NHR MAE in Segment,MAE in Segment,HR MAE till Segment,NHR MAE till Segment,Total MAE
10,7.41515151515,5.22367608185,10.2518584203,84.6575757576,121.748846287,46.06989995
