Segment,HR MAE in Segment,NHR MAE in Segment,MAE in Segment,HR MAE till Segment,NHR MAE till Segment,Total MAE
4,5.62489626556,3.71130598058,6.27642298313,35.9020746888,29.0035669583,9.50781611682
5,4.26218487395,1.05417100972,4.29570690829,36.7025210084,29.0313097409,11.1532446623
6,3.80869565217,0.72204464096,4.00888526779,37.1304347826,29.3024373679,15.8519602513
7,3.70275229358,0.695330246644,3.91430243475,37.9743119266,28.723412345,17.9773797634
8,4.20196078431,0.92727568292,4.51365173167,38.8019607843,26.1139451868,21.7742278416
9,4.9063583815,1.19886836884,5.30009146311,37.7040462428,24.2367556218,26.1220307464
10,4.89090909091,1.37385107022,5.51721199,38.4872727273,25.7983136486,25.3172383319
