Segment,HR MAE in Segment,NHR MAE in Segment,MAE in Segment,HR MAE till Segment,NHR MAE till Segment,Total MAE
3,6.35796491228,3.50285419193,6.41998946878,28.5621754386,17.9056847897,9.69629819699
4,3.48551971326,1.1848964804,3.29519835604,28.0809318996,18.2879393935,12.6819325292
5,3.35882783883,1.22230423771,3.1250132782,30.1186813187,18.2708482087,14.6644419449
6,2.99257575758,0.953749945635,3.36648950171,31.8782575758,18.3819296064,17.7342089023
7,2.71036144578,0.847679856119,3.10116786178,33.7497991968,17.976947633,20.5597872209
8,3.94025316456,0.921006291203,4.20034421077,34.9518987342,16.1758917529,22.8629092628
9,3.11542288557,1.19545933468,3.54715131983,33.9174129353,16.298082042,26.2079449389
10,3.48409090909,1.33636985766,4.20858620391,34.2515151515,19.0896607279,25.2898670082
