Segment,HR MAE in Segment,NHR MAE in Segment,MAE in Segment,HR MAE till Segment,NHR MAE till Segment,Total MAE
4,5.45032258065,3.70644049581,5.9773028378,37.3188530466,29.1051044799,8.6326864399
5,3.09384615385,0.991377636912,3.26876419805,38.2664468864,29.0498642988,10.4872149465
6,2.93734848485,0.674337686246,3.12891985144,39.0246212121,29.3182611549,14.765967662
7,2.82449799197,0.668393306291,2.98186294468,39.7688353414,29.0062232388,16.6013095752
8,3.38514767932,0.919613398454,3.76543160167,40.8284388186,26.758659704,20.5228214947
9,3.65223880597,1.10354105903,4.13555076915,39.0925373134,24.3169556724,24.2109785505
10,3.62651515152,1.34299678367,4.12984740732,39.9212121212,25.1145377437,23.6679752873
