Segment,HR MAE in Segment,NHR MAE in Segment,MAE in Segment,HR MAE till Segment,NHR MAE till Segment,Total MAE
9,7.62212121212,4.94010377878,8.95177047348,78.0976767677,96.6853983734,11.3053938172
10,3.74166666667,1.75256375445,4.56754418682,80.4913636364,99.220072251,13.8529802843
