Segment,HR MAE in Segment,NHR MAE in Segment,MAE in Segment,HR MAE till Segment,NHR MAE till Segment,Total MAE
5,5.52820512821,3.599379698,6.19538399848,45.6205128205,42.0092768224,9.53605305804
6,3.65814977974,0.632127284948,3.77967194358,46.5198237885,42.2520626651,13.3293824092
7,3.69714285714,0.646305739136,3.91177693663,48.1485714286,41.4837807387,16.2540115081
8,4.51919191919,0.910647048336,4.66945870055,47.8282828283,39.4796628383,19.1988037553
9,4.43333333333,1.07508043914,4.75989531292,46.8404761905,36.1073766531,23.6100173207
10,4.14444444444,1.60665110302,5.03388148629,51.4111111111,36.4289704397,22.2642051295
