Segment,HR MAE in Segment,NHR MAE in Segment,MAE in Segment,HR MAE till Segment,NHR MAE till Segment,Total MAE
5,5.50593406593,3.47972034811,6.0266589944,45.8703296703,41.8166836179,8.53404836876
6,2.88837662338,0.527359253275,2.93988460347,46.2312554113,42.273630761,12.6356267709
7,3.04787148594,0.651428327518,3.1603975351,46.8321285141,42.3538079743,15.3832752951
8,3.70227848101,0.854860017679,3.90399569498,46.9015189873,40.5984815708,18.1493479003
9,3.51422885572,0.991112147194,3.75663722048,44.5702487562,37.9639933644,23.4940883515
10,3.01772727273,1.52507874948,4.04527019717,47.0042424242,37.8203523784,21.6940605725
