Segment,HR MAE in Segment,NHR MAE in Segment,MAE in Segment,HR MAE till Segment,NHR MAE till Segment,Total MAE
5,5.51452991453,3.599379698,6.20905921215,45.6068376068,42.0092768224,9.52244586299
6,3.64405286344,0.631681053782,3.76686967176,46.5339207048,42.2525088962,13.272994744
7,3.65714285714,0.645103009665,3.8705237025,48.1542857143,41.4834922138,16.2241503347
8,4.52929292929,0.910258562255,4.68015002194,47.8343434343,39.4791592015,19.1465298602
9,4.45,1.07509804153,4.77663295242,46.8595238095,36.1058681221,23.5931609195
10,4.16296296296,1.60507163852,5.05397946931,51.4148148148,36.4282369389,22.2608588343
