Segment,HR MAE in Segment,NHR MAE in Segment,MAE in Segment,HR MAE till Segment,NHR MAE till Segment,Total MAE
5,5.48981684982,3.47972034811,6.00541357315,45.8915750916,41.8166836179,8.59705203176
6,2.90352813853,0.528198577758,2.95515602212,46.2327705628,42.2729353207,12.6633213441
7,3.06714859438,0.652222956168,3.18016343088,46.8409638554,42.3532663658,15.4027054573
8,3.6946835443,0.854873921496,3.89594366343,46.9108016878,40.5976424942,18.189276648
9,3.5047761194,0.991138139324,3.74854747546,44.5697512438,37.9634926323,23.5111812176
10,3.00636363636,1.52604796633,4.03293734395,47.001969697,37.8208024811,21.6961139809
