Segment,Mean Absolute Error
1,2.58227296372
2,2.89206661423
3,3.03841012424
4,3.19583170286
5,3.15560121908
6,3.13616170356
7,3.22885378297
8,3.19433591725
9,3.28074038811
10,3.56345444783
