Segment,Mean Absolute Error
1,5.50730282376
2,6.23402163225
3,5.38538538539
4,4.71830131446
5,4.85040983607
6,4.72126315789
7,4.74036996736
8,6.2752688172
9,6.38131256952
10,8.36901072706
