Segment,HR MAE in Segment,NHR MAE in Segment,MAE in Segment,HR MAE till Segment,NHR MAE till Segment,Total MAE
5,5.54612244898,2.87308098437,6.00391767372,41.8008163265,39.8412803172,27.2951923116
6,3.15265306122,1.34895216782,3.24944678046,43.3616326531,39.4050731531,28.9429015113
7,3.02530612245,1.13941463446,3.08038476958,45.3518367347,39.1110269552,34.1552976211
8,4.66612244898,0.59286784413,5.02081577036,42.9665306122,39.0027319099,38.1655240902
9,5.50530612245,2.77370174317,7.03363354217,38.7232653061,36.5995349858,47.6183956969
10,8.50448979592,3.16272528334,10.9015693263,40.3510204082,38.112428517,62.0204460988
