Segment,HR MAE in Segment,NHR MAE in Segment,MAE in Segment,HR MAE till Segment,NHR MAE till Segment,Total MAE
5,5.51452991453,3.599379698,6.19538399848,40.1418803419,40.3597041728,25.8860446229
6,3.59829059829,0.623823823775,3.72138690059,40.9538461538,40.535633273,29.7647615013
7,3.80341880342,0.636550595089,4.02195426152,41.8239316239,42.1975695733,34.2405954022
8,4.59145299145,0.892845075142,4.74178031448,39.4854700855,42.8005669025,38.4464429216
9,4.51111111111,1.17489232839,4.84573881113,36.3846153846,44.8872014087,42.0927837698
10,4.95384615385,1.76581521568,5.9303443966,42.9333333333,53.8278137557,43.7049490978
