Segment,HR MAE in Segment,NHR MAE in Segment,MAE in Segment,HR MAE till Segment,NHR MAE till Segment,Total MAE
5,5.50153846154,3.47972034811,6.01347218121,45.8835164835,41.8166836179,8.56042199513
6,2.85835688121,0.522712590382,2.91207131093,45.2793092622,41.5515925176,16.2443139846
7,3.05794871795,0.640292404396,3.18920664397,44.9133961277,41.7138817855,26.9711222442
8,3.70726321298,0.845482459368,3.9107378184,45.6574672946,41.517492158,39.308220156
9,3.55380429095,1.06408325613,3.86636669316,45.7428257457,44.9954976581,72.8665302021
10,3.48894819466,1.70764717822,4.60528562087,52.0967660911,59.3603236591,128.018353641
