Segment,Mean Absolute Error
1,2.58227296372
2,2.90499594969
3,3.03396906151
4,3.17386499285
5,3.1282604057
6,3.16078425483
7,3.21858107097
8,3.21220674617
9,3.32583362534
10,3.66154323346
