Segment,HR MAE in Segment,NHR MAE in Segment,MAE in Segment,HR MAE till Segment,NHR MAE till Segment,Total MAE
5,7.62197802198,3.47972034811,8.00289056822,45.9824175824,41.8166836179,13.2453457533
6,4.53630559916,0.529455422862,4.57684972346,45.4112401884,41.5585263656,19.457215909
7,5.21293563579,0.650026440077,5.38999644283,44.535133438,41.7480618422,29.8882083637
8,6.90087912088,0.841198701618,7.07026510448,44.1072213501,41.6298089405,39.4744828916
9,5.95941391941,1.03636244971,6.06687093858,44.4400418629,45.1050676516,75.2753319432
10,5.72065934066,1.8076836318,6.6486059063,50.9527158556,59.6319316999,129.061771079
