Segment,HR MAE in Segment,NHR MAE in Segment,MAE in Segment,HR MAE till Segment,NHR MAE till Segment,Total MAE
5,7.5811965812,3.599379698,8.27617561228,40.0239316239,40.3597041728,27.1716530302
6,4.47521367521,0.61864400466,4.49500299641,41.2735042735,40.549323178,30.1870448661
7,5.46153846154,0.63927826404,5.63421638065,41.4495726496,42.2116476159,33.7473794354
8,7.41025641026,0.902934466741,7.57743279282,41.5128205128,42.8542580664,39.0227861603
9,6.35042735043,1.14250730036,6.48247337453,38.0752136752,45.0133010025,43.6100047963
10,6.47521367521,1.84070524339,7.39450827332,42.6427350427,54.0207930982,48.4306872938
