Segment,HR MAE in Segment,NHR MAE in Segment,MAE in Segment,HR MAE till Segment,NHR MAE till Segment,Total MAE
8,7.29037974684,3.91443669533,8.43078156207,71.5462447257,83.8099541367,12.5321598444
9,3.66784810127,1.12028075602,4.11960643771,60.1056540084,73.7237833554,46.1239009738
10,3.88928270042,1.7788126065,4.65755230008,53.1339240506,62.2724447508,108.376995687
