Segment,HR MAE in Segment,NHR MAE in Segment,MAE in Segment,HR MAE till Segment,NHR MAE till Segment,Total MAE
7,6.88666666667,3.35697335013,7.68277752086,63.18562249,70.4864769051,9.68241023366
8,3.77791164659,0.801108687625,3.97652553536,60.793815261,67.2275632786,22.1620594377
9,3.48915662651,0.989011235222,3.7127490264,54.0289959839,61.9359867236,57.3472152619
10,3.94618473896,1.60198656407,4.91771234276,51.8354216867,59.8644542605,115.913509649
