Segment,HR MAE in Segment,NHR MAE in Segment,MAE in Segment,HR MAE till Segment,NHR MAE till Segment,Total MAE
8,7.77066666667,3.77377826774,8.76488933046,63.632,84.5128366525,38.7739092052
9,4.75377777778,1.3265765867,5.15945588418,57.5751111111,86.2123261255,40.6699491684
10,4.89955555556,1.79560248277,5.78752315926,63.2231111111,98.3872672799,44.2751817181
