Segment,HR MAE in Segment,NHR MAE in Segment,MAE in Segment,HR MAE till Segment,NHR MAE till Segment,Total MAE
7,6.74976744186,3.29622424047,7.54762450675,57.2669767442,69.2915547475,32.1883691403
8,4.25302325581,0.845882739489,4.46273504681,54.0818604651,70.4338431255,37.078513945
9,4.35162790698,1.18565508351,4.66054824455,49.6130232558,70.9255594208,43.2124976021
10,5.14976744186,1.7287467355,5.99382128869,56.5990697674,83.3242113088,41.9513748239
