Segment,HR MAE in Segment,NHR MAE in Segment,MAE in Segment,HR MAE till Segment,NHR MAE till Segment,Total MAE
4,5.45032258065,3.70644049581,5.9773028378,37.3188530466,29.1051044799,8.6326864399
5,3.20365591398,1.0081467242,3.3812464879,38.0327598566,28.8142895225,12.8328207692
6,2.90845878136,0.664235942697,3.0882941631,38.576702509,29.4103510434,20.8097572934
7,2.88422939068,0.668674361347,3.05448986112,39.3843727599,30.8419425352,30.2568673583
8,3.32537634409,0.932609779782,3.71223476522,41.696344086,31.7313693136,43.5332581109
9,3.7064516129,1.14406124223,4.13880136976,44.0198566308,39.3894929326,75.4797558015
10,3.60114695341,1.64019559058,4.50017472757,52.9081003584,61.3280585827,131.352049769
