Segment,HR MAE in Segment,NHR MAE in Segment,MAE in Segment,HR MAE till Segment,NHR MAE till Segment,Total MAE
2,7.46206896552,3.17094911942,7.9069046888,12.6559386973,8.146740672,16.2554040352
3,5.96781609195,1.89747005677,4.89962987293,17.5034482759,9.30068243846,18.6475355807
4,3.69348659004,1.18777858885,3.27204638031,16.8766283525,11.4231333768,20.8480073093
5,4.25134099617,1.43670853409,4.25240430092,18.1793103448,13.9601432905,23.8702154777
6,4.24214559387,1.10278944308,4.58722341151,20.4168582375,16.9287522228,27.2829736964
7,3.28888888889,0.856837880046,3.43840825124,22.8536398467,17.7936533761,30.1716349222
8,4.17318007663,1.0335749373,4.56376884817,24.8796934866,19.5823519971,34.7492206328
9,4.36475095785,1.37268010485,4.81102412604,26.5394636015,21.7979902602,40.4844394632
10,5.13256704981,1.60530651582,6.16612886516,29.69348659,24.3636537963,44.7991510332
