Segment,HR MAE in Segment,NHR MAE in Segment,MAE in Segment,HR MAE till Segment,NHR MAE till Segment,Total MAE
3,6.35796491228,3.50285419193,6.41998946878,28.5621754386,17.9056847897,9.69629819699
4,3.43003508772,1.16519361253,3.24804619607,27.9244912281,18.2745647198,14.2687017121
5,3.37985964912,1.19841424009,3.15942287558,30.3326315789,18.7077879576,18.8115177306
6,3.02996491228,0.92224697862,3.35689701396,32.6121403509,20.041010167,25.5663946415
7,2.81010526316,0.826313250821,3.17065773026,35.0933333333,22.7725136961,35.4860893797
8,3.6738245614,0.923928908558,3.94277529303,38.0136842105,25.3191848063,46.8023804257
9,3.35157894737,1.22345899415,3.73270334707,42.4224561404,38.0811846678,77.3504939907
10,3.56596491228,1.59843201643,4.56749292755,54.2778947368,66.6414005951,131.977233319
