Segment,HR MAE in Segment,NHR MAE in Segment,MAE in Segment,HR MAE till Segment,NHR MAE till Segment,Total MAE
9,7.62212121212,4.94010377878,8.95177047348,78.0976767677,96.6853983734,11.3053938172
10,3.59454545455,1.75249136598,4.58015744167,59.8604040404,73.0596220423,78.0796623406
