Segment,HR MAE in Segment,NHR MAE in Segment,MAE in Segment,HR MAE till Segment,NHR MAE till Segment,Total MAE
6,6.12914798206,3.48173312863,6.64447971383,49.2538116592,54.2058512759,29.957785372
7,3.84215246637,0.647552791011,4.12848351724,49.5479820628,55.6295909783,35.1087237848
8,4.31210762332,0.912076505777,4.48138982135,46.2224215247,56.7221350074,40.4926297239
9,4.29058295964,1.1949213521,4.55733374792,42.3605381166,57.5746378957,40.46972505
10,5.06188340807,1.70343825206,5.85807522384,48.6278026906,69.4661601411,43.3504140935
