Segment,HR MAE in Segment,NHR MAE in Segment,MAE in Segment,HR MAE till Segment,NHR MAE till Segment,Total MAE
9,7.8170212766,4.87882580497,8.99434056244,68.6,96.4592869732,42.4639207577
10,4.35106382979,1.82218726482,5.43472895788,77.9574468085,109.893560898,46.1189519447
