Segment,HR MAE in Segment,NHR MAE in Segment,MAE in Segment,HR MAE till Segment,NHR MAE till Segment,Total MAE
10,7.08151515152,5.63539273151,10.201937658,91.6863636364,115.00208329,12.2154171938
