Segment,HR MAE in Segment,NHR MAE in Segment,MAE in Segment,HR MAE till Segment,NHR MAE till Segment,Total MAE
2,6.34032258065,3.2385269096,6.88230515891,13.0951612903,8.86258746235,14.6085880304
3,4.4564516129,2.47230718045,3.46351065751,18.0580645161,9.68083505218,18.5604394418
4,3.78709677419,1.43649833478,3.27987722192,16.2096774194,12.002027081,19.5544055459
5,3.17096774194,1.53968760444,2.99862229919,20.1306451613,13.7043519675,22.7462338063
6,3.05483870968,1.79617984871,3.43013352183,22.7919354839,16.1660500456,25.0562030485
7,2.91612903226,1.56730254665,3.39360868724,24.9048387097,15.8219382715,29.0743878728
8,4.78064516129,0.452749318164,4.91980790341,26.0774193548,17.289272594,31.9027527665
9,5.45322580645,3.90708737602,8.07886427657,26.1032258065,20.7176933474,44.5472949536
10,9.08064516129,4.06756627821,12.5384200188,29.7274193548,21.1969024468,61.8595801093
