Segment,HR MAE in Segment,NHR MAE in Segment,MAE in Segment,HR MAE till Segment,NHR MAE till Segment,Total MAE
5,5.57714285714,2.87308098437,6.02514216351,41.7959183673,39.8412803172,27.2717499056
6,3.16408163265,1.3492223526,3.22738887405,43.3534693878,39.4048029683,28.9367426898
7,3.02040816327,1.13774908723,3.07715235763,45.3583673469,39.1107060616,34.1831746362
8,4.6693877551,0.592398429179,5.02360725963,42.9975510204,39.000854897,38.2166653322
9,5.55591836735,2.77400877525,7.10414465587,38.7085714286,36.5997444721,47.5901537263
10,8.37714285714,3.16111269464,10.7726097989,40.427755102,38.1136763901,61.8007115073
