Segment,HR MAE in Segment,NHR MAE in Segment,MAE in Segment,HR MAE till Segment,NHR MAE till Segment,Total MAE
2,5.90416666667,3.16780511495,6.4324479126,11.2576388889,8.03521523308,8.44887144647
3,4.04097222222,2.5248537691,2.5540063577,12.5604166667,9.2328922447,11.6059872383
4,2.82222222222,1.38225419425,2.03765015517,14.0645833333,10.9765370374,13.5005194054
5,2.12881944444,1.52377272606,2.04867442835,16.4079861111,12.9763518556,15.9145270549
6,2.06944444444,1.84452979845,2.53695114795,18.3201388889,14.3558397224,20.3681183171
7,2.01736111111,1.5557165205,2.68489718849,21.7989583333,18.3657780584,29.1382053558
8,4.17013888889,0.448986653187,4.38958963309,26.3833333333,21.2902586296,38.2727524664
9,4.64826388889,3.88741422121,7.55441932205,33.3798611111,28.5453547627,57.9020346283
10,8.61979166667,4.07808952704,12.4074620527,42.4510416667,39.9511169689,92.1048104238
