Segment,HR MAE in Segment,NHR MAE in Segment,MAE in Segment,HR MAE till Segment,NHR MAE till Segment,Total MAE
7,5.98165137615,3.31769449871,6.15291413269,57.2,70.7081069566,9.7696346595
8,4.55555555556,0.665220578589,4.82384220041,56.9685185185,70.1933566613,16.87080964
9,5.24901960784,2.37783507981,6.26863871644,56.5901960784,68.5238186592,24.9202851568
10,9.34922279793,3.09347578024,11.6661140699,54.9823834197,64.2268544149,40.1973346758
