Segment,HR MAE in Segment,NHR MAE in Segment,MAE in Segment,HR MAE till Segment,NHR MAE till Segment,Total MAE
10,11.4138396624,4.53409271429,12.6384188978,87.2678481013,120.012353751,17.5925078231
