Segment,HR MAE in Segment,NHR MAE in Segment,MAE in Segment,HR MAE till Segment,NHR MAE till Segment,Total MAE
5,5.51333333333,2.87244766241,6.01011739969,41.2883333333,41.4535723111,8.91992036594
6,2.46069444444,1.32953011517,2.54964629871,41.0354166667,40.4892647493,12.8374900044
7,2.22743055556,1.06251200197,2.35676220399,41.8127083333,40.0436282847,21.3357943646
8,4.4525,0.595060220102,4.87554666353,41.9959722222,40.0253000166,28.6029029211
9,4.49875,2.77593898259,6.44449020807,42.3034027778,39.4348674999,50.7324099404
10,7.57895833333,3.14810523068,10.5733097406,45.4728472222,40.2786710086,81.4829764765
