Segment,HR MAE in Segment,NHR MAE in Segment,MAE in Segment,HR MAE till Segment,NHR MAE till Segment,Total MAE
4,5.48412698413,3.65686301449,6.2200049346,32.0587301587,27.963613333,9.49774658004
5,3.28412698413,1.35716772256,3.1040667907,33.0285714286,28.6670582873,12.3022874414
6,3.15833333333,1.45752565879,3.33449725751,33.8316666667,27.856697351,13.7939065266
7,3.13542600897,1.19025234421,3.41334667002,34.9201793722,27.8892597318,17.3510022304
8,4.77285067873,0.569239269258,5.03064345259,34.850678733,27.0336681142,22.1739891784
9,5.80388349515,3.15838472607,7.67967957372,35.5067961165,24.9537955243,33.1979358848
10,8.69947643979,3.60129464018,11.3335131353,37.4659685864,21.7641565022,48.8593457913
