Segment,HR MAE in Segment,NHR MAE in Segment,MAE in Segment,HR MAE till Segment,NHR MAE till Segment,Total MAE
3,5.26729166667,3.6284212254,5.85320511057,24.2063194444,16.9386790799,9.39436285721
4,2.59729166667,1.15012249055,2.5717365625,24.2335416667,17.5800965761,11.7662687332
5,2.79666666667,1.57860264566,2.36157448207,25.820625,18.7754344252,14.4982162992
6,2.25034722222,1.5118662483,2.84456824203,26.3988888889,19.1366248158,18.2128985145
7,1.84819444444,1.36956320506,2.09951455805,29.0235416667,21.4150273805,26.8111259299
8,4.87736111111,0.538042274018,5.25814671805,31.2126388889,23.0070619784,35.9612841778
9,3.60930555556,3.43280709053,5.86412671136,35.2122916667,27.6383197189,53.1524347817
10,8.69138888889,3.72535538998,12.0901848716,42.2831944444,35.4930037955,84.6580865996
