Segment,HR MAE in Segment,NHR MAE in Segment,MAE in Segment,HR MAE till Segment,NHR MAE till Segment,Total MAE
9,7.02468253968,3.64840750336,8.50330125225,74.8975396825,102.289187822,12.7441501397
10,7.48174603175,2.61939148713,9.91380151345,71.0584126984,96.3013738587,35.8660201282
