Segment,HR MAE in Segment,NHR MAE in Segment,MAE in Segment,HR MAE till Segment,NHR MAE till Segment,Total MAE
6,4.85588652482,3.65733155541,5.33753255642,48.6821276596,55.0594254201,7.52616195605
7,2.2324822695,0.796914216509,2.44622963666,48.5402836879,53.8818702859,15.5112512325
8,3.90212765957,0.612211422548,4.24874275125,48.590212766,53.7610781401,24.5418343833
9,3.39503546099,2.52777448056,5.39747655673,47.5916312057,52.3387962082,42.9999782975
10,8.90269503546,3.02245703975,11.8487502484,48.3574468085,50.8628411063,74.8774023112
