Segment,HR MAE in Segment,NHR MAE in Segment,MAE in Segment,HR MAE till Segment,NHR MAE till Segment,Total MAE
7,5.94678899083,3.31769449871,6.11805174737,59.0128440367,67.790675764,32.6737632331
8,4.45688073394,0.661312653338,4.72389673776,54.9266055046,67.0706339006,40.4274777306
9,5.47155963303,2.32203937232,6.514440274,48.7174311927,64.1071055312,42.0773784699
10,9.13211009174,2.91391598694,11.2440731526,47.6935779817,69.0727744504,55.1215068797
