Segment,HR MAE in Segment,NHR MAE in Segment,MAE in Segment,HR MAE till Segment,NHR MAE till Segment,Total MAE
8,7.53228464419,3.47592397023,8.05756564799,63.3739325843,85.9418644255,11.0672631414
9,4.01261904762,2.09636973818,4.97054092326,63.0743650794,85.3684738449,18.5935507558
10,8.41113924051,2.91830115533,10.8658870656,62.0922362869,82.6049228874,32.2965708106
