Segment,HR MAE in Segment,NHR MAE in Segment,MAE in Segment,HR MAE till Segment,NHR MAE till Segment,Total MAE
9,7.496875,3.66748722588,8.96990139015,75.36875,102.738269254,14.0508969343
10,8.57073170732,2.77946587709,10.5181685424,73.2829268293,99.7454319825,28.8819458969
