Segment,HR MAE in Segment,NHR MAE in Segment,MAE in Segment,HR MAE till Segment,NHR MAE till Segment,Total MAE
10,11.4501265823,4.53409271429,12.6767311341,87.2315611814,120.012353751,17.6650816628
