Segment,HR MAE in Segment,NHR MAE in Segment,MAE in Segment,HR MAE till Segment,NHR MAE till Segment,Total MAE
3,5.49300411523,3.69347799531,6.0515533185,27.0930041152,17.0486368913,18.8625149918
4,3.5950617284,1.18263345017,3.52111202264,25.1884773663,17.134211463,20.433637159
5,3.50781893004,1.59350791952,3.11079431832,26.9646090535,18.7310791457,23.9839684192
6,3.01893004115,1.51834014743,3.40344836519,29.4041152263,19.4625888509,26.6396826
7,3.14897119342,1.38618039244,3.29568491857,32.0740740741,19.9901568488,29.2114008561
8,5.23456790123,0.561921396721,5.55378619602,31.0024691358,21.7517862066,33.20400962
9,4.87901234568,3.44808708149,6.54074665129,28.8098765432,21.3646513546,40.3583924212
10,9.37942386831,3.73725344032,12.5845214951,29.4304526749,22.8717030488,57.878153327
