Segment,HR MAE in Segment,NHR MAE in Segment,MAE in Segment,HR MAE till Segment,NHR MAE till Segment,Total MAE
7,5.75777777778,3.15755481193,5.94288668618,56.8540740741,70.8368784233,9.13610724836
8,3.76962962963,0.643104406823,4.09662682517,56.257037037,70.0591399075,17.85942018
9,4.61111111111,2.30348249042,5.95061248475,54.1718518519,66.7964840775,35.2893960597
10,8.38259259259,2.87208909197,10.8517496144,54.15,63.7947674912,61.4390970346
90834
