Segment,HR MAE in Segment,NHR MAE in Segment,MAE in Segment,HR MAE till Segment,NHR MAE till Segment,Total MAE
4,5.35,3.7222081734,5.93424965708,32.9779166667,28.1166410951,8.53944533945
5,2.31694444444,1.35075304692,2.18299685877,33.7365277778,28.9236984936,10.6685188523
6,2.02770833333,1.4575423375,2.38752047773,33.6960416667,28.5150561645,14.4965821555
7,2.26152777778,1.18662493292,2.65652167382,34.6279166667,29.3500851247,23.059902576
8,4.05708333333,0.569168245866,4.49025384034,35.2547916667,29.9106738698,30.9395809317
9,4.77020833333,3.08048317072,6.87834590759,37.9189583333,31.6731542179,53.0406452135
10,7.62993055556,3.42262468595,10.5970524753,42.3397222222,35.3339940816,82.7592623954
