Segment,HR MAE in Segment,NHR MAE in Segment,MAE in Segment,HR MAE till Segment,NHR MAE till Segment,Total MAE
5,5.50083333333,2.87244766241,6.00595073302,41.3008333333,41.4535723111,8.89492036594
6,2.46411347518,1.32872345367,2.56291948515,41.7340425532,41.0208739991,11.2310863975
7,2.17888888889,0.985294299827,2.2823783071,43.4791111111,40.7177093623,15.0826718175
8,4.44202247191,0.591685645917,4.85412153801,43.1986516854,39.6812751251,19.2367727929
9,4.57992063492,2.85401813613,6.65363214924,42.5483333333,36.5235147918,31.4956867592
10,7.91535864979,3.41279779004,11.2150762711,42.7708016878,31.9963834034,49.8777951543
