Segment,HR MAE in Segment,NHR MAE in Segment,MAE in Segment,HR MAE till Segment,NHR MAE till Segment,Total MAE
3,5.47818930041,3.69347799531,6.02399426285,24.0773662551,16.8106529326,10.1305800342
4,3.64609053498,1.18508729202,3.57017311102,24.0773662551,17.2450533241,12.4809524771
5,3.53909465021,1.59236245127,3.13068696845,25.5604938272,18.4801102368,15.9453429547
6,3.03797468354,1.54159420577,3.44252157193,26.4742616034,18.4690584447,18.1664565917
7,3.21585903084,1.40793575463,3.37077566809,28.5885462555,18.7224829683,20.8739693666
8,5.16607142857,0.546183360376,5.48536966615,29.7892857143,18.663352295,26.4703092452
9,5.18857142857,3.4737560762,6.96515566011,31.4342857143,18.5425467865,34.2940479863
10,8.95336787565,3.89857418999,12.3159704329,34.1740932642,18.1780796549,49.7955428781
