Segment,HR MAE in Segment,NHR MAE in Segment,MAE in Segment,HR MAE till Segment,NHR MAE till Segment,Total MAE
8,7.7744,3.52514083015,8.58446007578,61.8416,83.3207465292,38.3942673517
9,5.1984,2.09283535892,5.89638303081,54.9616,80.7625803297,45.1522557231
10,9.0272,2.79047773095,11.0784982914,52.3744,83.1865832371,57.9470498016
