Segment,HR MAE in Segment,NHR MAE in Segment,MAE in Segment,HR MAE till Segment,NHR MAE till Segment,Total MAE
2,5.90694444444,3.16780511495,6.46477628872,11.2909722222,8.03521523308,8.43690560459
3,4.115625,2.52471084824,2.61544499121,12.6038194444,9.23046259016,11.6242461942
4,2.80451388889,1.38228894075,2.05733301853,14.1371527778,10.9777418941,13.5659569202
5,2.23541666667,1.52573736379,2.11821879599,16.5357638889,12.9727920874,15.8370816068
6,2.13936170213,1.85278329277,2.63131747397,18.0042553191,13.5816912162,18.755961093
7,2.03814814815,1.56338679234,2.57468570814,20.202962963,14.6911980515,21.7431888251
8,4.00037453184,0.442005323976,4.22923828276,23.7471910112,15.7457646777,27.1547358629
9,4.50198412698,3.86770038497,7.75147684571,27.5376984127,17.00107393,35.3083132188
10,9.19029535865,4.18599793361,13.1773409337,31.5071729958,19.3273128781,53.3115456033
