Segment,HR MAE in Segment,NHR MAE in Segment,MAE in Segment,HR MAE till Segment,NHR MAE till Segment,Total MAE
7,5.78592592593,3.15755481193,5.97103483433,56.8822222222,70.8368784233,9.19240354465
8,3.85093632959,0.649336061096,4.18061341298,56.6913857678,70.560063656,15.9105992924
9,4.33888888889,2.35073844646,5.66385608049,55.9785714286,69.0369185312,23.8360056465
10,8.60970464135,3.05705997443,11.3030197542,55.0105485232,65.3274642343,37.701078653
