Segment,HR MAE in Segment,NHR MAE in Segment,MAE in Segment,HR MAE till Segment,NHR MAE till Segment,Total MAE
6,5.12892561983,3.81078702243,5.81763553034,48.9074380165,54.4632919177,8.61088636302
7,3.06379310345,0.884520266785,3.17017851139,50.0017241379,54.3153435995,12.1314940158
8,4.50220264317,0.627892838401,4.79687376961,49.9700440529,53.3542373794,18.4511397373
9,4.92264150943,2.67434247254,6.390567665,48.8471698113,51.4189830896,27.8261964225
10,10.0059701493,3.32254704918,12.7161385043,47.0706467662,45.9200857223,48.3255238548
