Segment,HR MAE in Segment,NHR MAE in Segment,MAE in Segment,HR MAE till Segment,NHR MAE till Segment,Total MAE
3,5.25201388889,3.6284212254,5.82820511057,24.1674305556,16.9386790799,9.42804274776
4,2.643125,1.15264301288,2.6070303938,24.2071527778,17.5775760538,11.7104047201
5,2.83555555556,1.5771508796,2.39154542835,25.8650694444,18.7718451466,14.5543839336
6,2.27624113475,1.53171792836,2.8814153347,26.4407092199,18.6527966258,16.5198387443
7,1.92696296296,1.39048530997,2.20832533637,28.5888148148,18.7770935042,19.5855416392
8,4.80404494382,0.527558329064,5.17548724397,29.7964044944,18.6093662014,24.9839339977
9,3.97174603175,3.45655133551,6.28045517718,31.5017460317,18.0664479717,31.7182507396
10,8.42793248945,3.86972895375,11.9008297585,33.756371308,17.5772724957,46.9591311132
