Segment,HR MAE in Segment,NHR MAE in Segment,MAE in Segment,HR MAE till Segment,NHR MAE till Segment,Total MAE
2,6.35806451613,3.2385269096,6.90028903495,11.0548387097,7.83358328531,9.68204112944
3,4.51451612903,2.4738009339,3.50940885245,12.8129032258,9.10734155621,12.4373929356
4,3.79677419355,1.4357236365,3.27233680221,14.4758064516,10.8371611051,14.2272899781
5,3.27741935484,1.54237226136,3.08878056318,16.8806451613,12.7842382147,16.6204415186
6,3.17190082645,1.80286407117,3.53008480096,18.5041322314,13.5028312963,19.6585033606
7,2.92105263158,1.5789180542,3.30866265375,20.5666666667,14.8186733409,22.8772248009
8,4.54867256637,0.444209061411,4.70410757161,24.7699115044,16.0114860784,29.0070203992
9,5.23827751196,3.88062054163,8.14993138107,28.9779904306,17.1980086577,38.0260191117
10,9.77319587629,4.19988536651,13.4863436754,33.824742268,19.4284126086,54.4824396715
