Segment,HR MAE in Segment,NHR MAE in Segment,MAE in Segment,HR MAE till Segment,NHR MAE till Segment,Total MAE
8,7.784,3.52514083015,8.59406007578,63.0144,86.6687465292,12.221459205
9,5.08644067797,2.16364812367,5.80755216209,62.6898305085,85.593575147,20.9469908937
10,9.26055045872,2.99358445232,11.5344301549,62.119266055,82.3766136813,36.3769692623
