Segment,HR MAE in Segment,NHR MAE in Segment,MAE in Segment,HR MAE till Segment,NHR MAE till Segment,Total MAE
8,7.52179775281,3.47592397023,8.04707875661,63.3964044944,85.9418644255,11.0223193212
9,4.10449438202,2.03691626933,5.00292656007,60.817752809,81.8851436143,28.6311546251
10,8.07011235955,2.73303012718,10.3824830243,59.6441947566,77.7021029388,54.072341521
