Segment,HR MAE in Segment,NHR MAE in Segment,MAE in Segment,HR MAE till Segment,NHR MAE till Segment,Total MAE
6,4.87007092199,3.65733155541,5.34320631529,48.6764539007,55.0594254201,7.55453075037
7,2.20837037037,0.766337256155,2.39046264556,50.0439259259,55.3141301863,10.5947605566
8,3.81947565543,0.623573551776,4.18077442544,49.863670412,54.7073978713,16.7481801076
9,3.3130952381,2.63766591656,5.45975905444,49.0436507937,52.4959838101,25.3495050599
10,9.14894514768,3.25541875157,12.3603201571,47.3101265823,47.6685050296,44.7160799577
