Segment,HR MAE in Segment,NHR MAE in Segment,MAE in Segment,HR MAE till Segment,NHR MAE till Segment,Total MAE
10,11.1393103448,4.51248827206,12.5062673919,77.5075862069,116.006269515,56.2076407168
