Segment,HR MAE in Segment,NHR MAE in Segment,MAE in Segment,HR MAE till Segment,NHR MAE till Segment,Total MAE
6,5.12066115702,3.81078702243,5.81816747123,50.3008264463,52.9715563805,27.1252441788
7,3.05619834711,0.904539136781,3.16674126123,51.8644628099,52.6173572706,30.6238323978
8,4.6132231405,0.613332539979,4.88640074862,48.8297520661,52.5166100491,33.4557606603
9,4.89090909091,2.56584044281,6.23454059813,43.4380165289,49.2078262936,46.6895857229
10,9.8694214876,3.10406160348,12.3970968004,41.173553719,51.0276309567,60.6593455908
