Segment,HR MAE in Segment,NHR MAE in Segment,MAE in Segment,HR MAE till Segment,NHR MAE till Segment,Total MAE
9,7.03658730159,3.64840750336,8.51520601416,74.8999206349,102.289187822,12.7679596635
10,7.64599156118,2.72928532716,10.1760841737,74.2414345992,101.027122833,26.0955330251
