Segment,HR MAE in Segment,NHR MAE in Segment,MAE in Segment,HR MAE till Segment,NHR MAE till Segment,Total MAE
9,7.484375,3.66748722588,8.95740139015,66.6984375,96.7265505043,39.256295896
10,8.4578125,2.70751312048,10.3669840886,63.7328125,100.325388296,54.6794539962
