Segment,HR MAE in Segment,NHR MAE in Segment,MAE in Segment,HR MAE till Segment,NHR MAE till Segment,Total MAE
5,5.55918367347,2.87308098437,6.01697889821,40.7232653061,40.9800558274,9.26340218938
6,3.15186721992,1.34846214985,3.23506502488,41.0871369295,40.2392276669,11.8200733931
7,2.98515283843,1.07412259575,3.02609164114,42.815720524,39.8872162893,15.7516902254
8,4.6872246696,0.596181575708,5.03231565659,42.9251101322,38.8665400555,20.5047243362
9,5.69302325581,2.84057516634,7.28809221431,42.6958139535,35.3491710604,32.7661337775
10,8.812,3.42079127673,11.4645912037,44.8,31.034891599,50.6825634634
