Segment,HR MAE in Segment,NHR MAE in Segment,MAE in Segment,HR MAE till Segment,NHR MAE till Segment,Total MAE
4,5.37222222222,3.7222081734,5.95091632374,33.0029166667,28.1166410951,8.56722311723
5,2.30861111111,1.34860359831,2.19013603063,33.7504166667,28.9258479422,10.6991625615
6,2.04106382979,1.4767479182,2.39455078699,34.23,28.4522471652,12.8876587087
7,2.25111111111,1.17753848123,2.66795695186,35.582962963,28.0181670723,16.2731803695
8,4.07640449438,0.562142365028,4.49603984045,35.4670411985,27.0618888455,20.7949455922
9,4.87698412698,3.14887568441,7.00067310006,36.1912698413,24.5433214048,32.0908699708
10,7.82489451477,3.60355316895,11.0407591423,36.7831223629,21.1201544134,48.1117235887
