Segment,HR MAE in Segment,NHR MAE in Segment,MAE in Segment,HR MAE till Segment,NHR MAE till Segment,Total MAE
4,5.46507936508,3.65686301449,6.2073065219,33.6619047619,27.4753746994,22.9098093378
5,3.28412698413,1.35907834354,3.09272608449,35.2365079365,27.863919911,26.1532482738
6,3.10634920635,1.41751507162,3.29604013902,36.926984127,28.855839047,29.4326442667
7,3.09047619048,1.19103373622,3.34240130514,39.4,27.7417117709,34.2646504284
8,4.69047619048,0.60212187125,4.9613349011,37.419047619,28.7396770095,38.1313165436
9,5.61111111111,3.05351973132,7.38529512568,33.373015873,27.2175770833,42.0065281259
10,8.37619047619,3.33627066471,10.785486816,35.5920634921,28.1513491067,61.6492957363
