Segment,HR MAE in Segment,NHR MAE in Segment,MAE in Segment,HR MAE till Segment,NHR MAE till Segment,Total MAE
10,11.0951724138,4.51248827206,12.4621294609,88.6248275862,120.913166066,18.4210846407
