Segment,Mean Absolute Error
1,5.65920155794
2,6.87433628319
3,5.82142142142
4,5.60647118301
5,5.27049180328
6,5.13136842105
7,5.159085963
8,6.89505376344
9,7.1212458287
10,8.94445768772
