Segment,HR MAE in Segment,NHR MAE in Segment,MAE in Segment,HR MAE till Segment,NHR MAE till Segment,Total MAE
5,5.54448979592,2.87308098437,6.00555032678,40.7118367347,40.9800558274,9.28146294378
6,3.1601659751,1.34910304458,3.25309265859,41.068879668,40.2385867722,11.8086382486
7,3.00786026201,1.07481291302,3.04717577862,42.7877729258,39.8859532886,15.7617756975
8,4.67136563877,0.5963227049,5.01666502177,42.8933920705,38.8649199028,20.4437227868
9,5.65209302326,2.84027914995,7.24701932205,42.6809302326,35.3473911599,32.758971243
10,8.76,3.42160818149,11.4133748082,44.856,31.0320867813,50.6936830177
