Segment,HR MAE in Segment,NHR MAE in Segment,MAE in Segment,HR MAE till Segment,NHR MAE till Segment,Total MAE
5,5.53142857143,2.87308098437,6.00228502065,41.7991836735,39.8412803172,27.2978723546
6,3.16244897959,1.34904222942,3.24005771775,43.3551020408,39.4049830915,28.9298287424
7,3.02367346939,1.13876133718,3.0794054138,45.3485714286,39.1109217008,34.156434416
8,4.66612244898,0.592792790309,5.02074071654,42.9665306122,39.0026865165,38.1484698796
9,5.49387755102,2.77375381317,7.02239161905,38.7183673469,36.5994973832,47.6128504081
10,8.50285714286,3.16267820885,10.8998624149,40.3493877551,38.1124457799,62.0199216526
