Segment,HR MAE in Segment,NHR MAE in Segment,MAE in Segment,HR MAE till Segment,NHR MAE till Segment,Total MAE
5,5.50847222222,2.87244766241,6.00525628858,41.2834722222,41.4535723111,8.84630925483
6,2.42865248227,1.32970151617,2.52092292472,41.7120567376,41.0198959365,11.2252411041
7,2.19888888889,0.98446803826,2.28714771919,43.4672592593,40.71649256,15.0670628142
8,4.42254681648,0.591297185739,4.8342574224,43.2173782772,39.6802356465,19.2149075578
9,4.61880952381,2.85411126886,6.70689988515,42.5475396825,36.5225226714,31.5396430051
10,7.79637130802,3.41206006861,11.0953512079,42.8670042194,31.9950508444,49.7138051429
