Segment,HR MAE in Segment,NHR MAE in Segment,MAE in Segment,HR MAE till Segment,NHR MAE till Segment,Total MAE
5,5.48652777778,2.87244766241,5.99442295525,41.2893055556,41.4535723111,8.84686481038
6,2.42964539007,1.32937288717,2.51305480942,41.715177305,41.0202245655,11.2243001582
7,2.19222222222,0.984481226523,2.29827201857,43.4564444444,40.7165120608,15.0889660832
8,4.4208988764,0.591664419247,4.83269958276,43.1860674157,39.6798913246,19.2123446051
9,4.5676984127,2.85383438926,6.65551189443,42.5438888889,36.5220490228,31.5022312593
10,7.87755274262,3.41320847301,11.1776810468,42.8133333333,31.994414607,49.8573989406
