Segment,HR MAE in Segment,NHR MAE in Segment,MAE in Segment,HR MAE till Segment,NHR MAE till Segment,Total MAE
5,5.57551020408,2.87308098437,6.02350951045,40.7036734694,40.9800558274,9.33391029261
6,3.19502074689,1.34956082654,3.25942345783,41.0639004149,40.2381289902,11.8259564741
7,3.0096069869,1.07473516562,3.05008871454,42.8052401747,39.8858383278,15.733812109
8,4.67665198238,0.595685505164,5.02185744414,42.9462555066,38.8654223582,20.484520834
9,5.71720930233,2.84074702022,7.33492905278,42.6865116279,35.3481067352,32.8132112739
10,8.636,3.41963704701,11.2874036737,44.932,31.0336852731,50.4496572151
