Segment,HR MAE in Segment,NHR MAE in Segment,MAE in Segment,HR MAE till Segment,NHR MAE till Segment,Total MAE
5,5.47194444444,2.87244766241,5.98817295525,41.2830555556,41.4535723111,8.85936481038
6,2.44152777778,1.32982125178,2.52606134116,41.0294444444,40.4889736127,12.8114056109
7,2.22951388889,1.06178470835,2.37102794214,41.795625,40.0425474667,21.3310733936
8,4.42805555556,0.595140323683,4.8509420132,41.9877777778,40.023945717,28.5905428106
9,4.45402777778,2.77582796342,6.41632363334,42.3238194444,39.4335174034,50.7005816696
10,7.66659722222,3.14902101679,10.6618644156,45.4314583333,40.2762957607,81.6492628287
