Segment,Mean Absolute Error
1,7.53924050633
2,7.18977384464
3,6.06446446446
4,5.77229524772
5,6.10614754098
6,5.77263157895
7,5.90816104461
8,7.86107526882
9,7.92213570634
10,12.0271752086
